{"is_source_file": true, "format": "HTML", "description": "This is an HTML source file for a web-based database viewer interface, including embedded CSS and JavaScript for dynamic behavior.", "external_files": ["fetch API calls to /api/databases, /api/{db}/tables, /api/{db}/tables/{table}/data"], "external_methods": ["fetch"], "published": ["index.html"], "classes": [], "methods": [{"name": "loadDatabases", "description": "Loads the list of databases from the server and populates the sidebar."}, {"name": "refreshDatabases", "description": "Refreshes the database list and resets the UI state."}, {"name": "toggleDatabase", "description": "Toggles the display of tables for a selected database."}, {"name": "loadTables", "description": "Loads tables for the selected database."}, {"name": "loadTableData", "description": "Loads and displays data for a selected table."}, {"name": "renderTable", "description": "Renders data into an HTML table with features like expandable cells."}, {"name": "renderCell", "description": "Renders individual cell content, handling nulls, objects, and long texts."}, {"name": "expandCell", "description": "Expands or collapses cell content when clicked."}], "calls": ["fetch", "setActiveState", "showLoading", "showError", "showEmptyState", "loadTables", "loadTableData", "renderTable", "expandCell"], "search-terms": ["HTML database viewer", "embedded JavaScript", "CSS styling for table", "API fetch calls", "dynamic table rendering", "expandable cells"], "state": 2, "file_id": 3, "knowledge_revision": 14, "git_revision": "0586e5f3ec649b076552cf6d1b3416a39a9b7716", "hash": "ee63333a4841bf025439c755a74c9881", "format-version": 4, "code-base-name": "resident_db", "filename": "resident_db/db_visualizer/public/index.html", "revision_history": [{"14": "0586e5f3ec649b076552cf6d1b3416a39a9b7716"}]}