{"is_source_file": false, "format": "", "description": "", "external_files": [], "external_methods": [], "published": [], "classes": [], "methods": [], "calls": [], "search-terms": [], "state": 2, "file_id": 1, "knowledge_revision": 10, "git_revision": "0586e5f3ec649b076552cf6d1b3416a39a9b7716", "hash": "0c9f36dfd1a6dee9fa952c06ab7d9563", "format-version": 4, "code-base-name": "resident_db", "filename": "resident_db/db_visualizer/package.json", "revision_history": [{"10": "0586e5f3ec649b076552cf6d1b3416a39a9b7716"}]}