{"is_source_file": true, "format": "bash", "description": "Shell script for restoring various types of databases (SQLite, PostgreSQL, MySQL, MongoDB) based on available backup files and environment state.", "external_files": ["database_backup.db", "database_backup.sql", "database_backup.archive"], "external_methods": ["ls", "cp", "sudo -u postgres", "pg_isready", "psql", "mysqladmin", "mysql", "mongosh", "mongorestore"], "published": [], "classes": [], "methods": [], "calls": ["ls /usr/lib/postgresql/", "sudo -u postgres ${PG_BIN}/pg_isready", "psql -h localhost -p ${DB_PORT} -U ${DB_USER} -d postgres < database_backup.sql", "mysqladmin ping -h localhost -P ${DB_PORT} --silent", "mysql -h localhost -P ${DB_PORT} -u ${DB_USER} -p${DB_PASSWORD} -e \"SELECT 1\"", "sudo mysql --socket=/var/run/mysqld/mysqld.sock -u root -p${DB_PASSWORD} -e \"SELECT 1\"", "mongosh --port ${DB_PORT} --eval \"db.adminCommand('ping')\"", "mongorestore --port ${DB_PORT} --archive=database_backup.archive --drop --quiet"], "search-terms": ["restore_db.sh", "database_backup.sql", "database_backup.db", "database_backup.archive", "Shell script", "Database restore", "PostgreSQL", "MySQL", "MongoDB"], "state": 2, "file_id": 6, "knowledge_revision": 11, "git_revision": "0586e5f3ec649b076552cf6d1b3416a39a9b7716", "hash": "67505395c0df4c9c001ab8f47571f3fb", "format-version": 4, "code-base-name": "resident_db", "filename": "resident_db/restore_db.sh", "revision_history": [{"11": "0586e5f3ec649b076552cf6d1b3416a39a9b7716"}]}