{"is_source_file": true, "format": "bash", "description": "A script for detecting and backing up different types of databases (SQLite, PostgreSQL, MySQL, MongoDB) depending on which is running, configured to run automatically and handle various database setups.", "external_files": ["/usr/lib/postgresql/", "/var/run/mysqld/mysqld.sock", "mysqladmin", "mysql", "mysqldump", "mongosh", "mongodump"], "external_methods": ["ls", "cp", "mysqladmin ping", "mysql", "mysqldump", "mongosh", "mongodump", "sudo"], "published": [], "classes": [], "methods": [], "calls": ["ls", "cp", "mysqladmin ping", "mysql", "mysqldump", "mongosh", "mongodump", "sudo mysql --socket=/var/run/mysqld/mysqld.sock -u root -p${DB_PASSWORD} -e \"SELECT 1\"", "sudo mysqldump --socket=/var/run/mysqld/mysqld.sock -u root -p${DB_PASSWORD} --databases ${DB_NAME} --add-drop-database --routines --triggers --single-transaction", "mongosh --port ${DB_PORT} --eval \"db.adminCommand('ping')\"", "exit"], "search-terms": ["backup_db.sh", "database backup script", "PostgreSQL backup", "MySQL backup", "SQLite backup", "MongoDB backup", "database detection", "database credentials"], "state": 2, "file_id": 4, "knowledge_revision": 12, "git_revision": "0586e5f3ec649b076552cf6d1b3416a39a9b7716", "hash": "7af9aa35fa4940f934d83f6e2621b732", "format-version": 4, "code-base-name": "resident_db", "filename": "resident_db/backup_db.sh", "revision_history": [{"12": "0586e5f3ec649b076552cf6d1b3416a39a9b7716"}]}